{"pr_mean": 0.44574347138404846, "pr_std": 1.1014615297317505, "bl_mean": -0.07462407648563385, "bl_std": 0.0658714771270752, "cape_mean": -0.7148582935333252, "cape_std": 6.340991497039795, "subsat_mean": 12.52064323425293, "subsat_std": 7.837713241577148, "capeproxy_mean": -1.304901123046875, "capeproxy_std": 11.78001594543457, "subsatproxy_mean": 13.392205238342285, "subsatproxy_std": 12.427389144897461, "t_mean": 288.05096435546875, "t_std": 9.269464492797852, "q_mean": 0.010479583404958248, "q_std": 0.005067873280495405}