{"pr_mean": 0.1292703002691269, "pr_std": 0.3439676761627197, "bl_mean": -0.07613914459943771, "bl_std": 0.0676778182387352, "cape_mean": -0.8533209562301636, "cape_std": 6.55221700668335, "subsat_mean": 12.689231872558594, "subsat_std": 7.976409435272217, "capeproxy_mean": -1.4917702674865723, "capeproxy_std": 11.945087432861328, "subsatproxy_mean": 13.589394569396973, "subsatproxy_std": 12.614212989807129, "t_mean": 288.1192626953125, "t_std": 9.283470153808594, "q_mean": 0.010455683805048466, "q_std": 0.005062077194452286}