{"_step":3,"_timestamp":1.7582379747678244e+09,"_wandb":{"runtime":600},"Stopped early":true,"_runtime":600,"Validation loss":0.9618257846276185,"Training loss":1.0203239459454339,"Learning rate":0.005,"Total training epochs":4,"Best model at epoch":1,"Training duration (s)":595.8229658603668,"Epoch":4,"Best validation loss":0.9618257846276185}