{"MSE on validation set after epoch finishes":0.7390921575213791,"Total training epochs":5,"_wandb":{"runtime":1291},"Stopped early":true,"Learning rate":0.005,"_timestamp":1.7579597280947564e+09,"Best model at epoch":2,"_runtime":1291,"Training duration (s)":1171.4806017875671,"Validation loss":0.7394102935237113,"Epoch":5,"MSE on training set after epoch finishes":0.7714044624269313,"_step":4,"Best validation loss":0.7380248478037668,"Training loss":0.7713286784422323}