{"_step":0,"_wandb":{"runtime":7},"_runtime":7.308433952,"MSE/train (init)":1.003460473362945,"MSE/valid (init)":NaN,"_timestamp":1.7579572597536733e+09}