{"Training duration (s)":1680.6368219852448,"Epoch":7,"MSE on validation set after epoch finishes":0.6498821466614347,"MSE on training set after epoch finishes":0.6387055734368031,"Training loss":0.6402073311399482,"Best model at epoch":4,"Total training epochs":7,"Stopped early":true,"_runtime":1801,"_wandb":{"runtime":1801},"_step":6,"Learning rate":0.005,"Best validation loss":0.6461532255050273,"Validation loss":0.6501600107980278,"_timestamp":1.7579615538961816e+09}