{"Learning rate":0.001,"_step":3,"Best validation loss":0.7862833871694015,"_runtime":608,"Epoch":4,"Training loss":0.834026363598742,"Total training epochs":4,"Validation loss":0.7871331023830574,"Stopped early":true,"_timestamp":1.7582434106773658e+09,"Best model at epoch":1,"Training duration (s)":600.9378082752228,"_wandb":{"runtime":608}}