{"_wandb":{"runtime":2846},"Training duration (s)":2844.5814867019653,"Training loss":0.7930870656030128,"Total training epochs":5,"Epoch":5,"_timestamp":1.7613353616751049e+09,"Best validation loss":0.704573556125535,"Learning rate":0.0001,"Best model at epoch":5,"_runtime":2846,"Validation loss":0.704573556125535,"_step":4,"Stopped early":false}