{"Training duration (s)":184.80083465576172,"_step":3,"_wandb":{"runtime":186},"Epoch":4,"Validation loss":0.6397907791854949,"Total training epochs":4,"Training loss":0.7368658951641137,"Stopped early":true,"_runtime":186,"Learning rate":0.0001,"_timestamp":1.7624562382556467e+09,"Best validation loss":0.6395928145303045,"Best model at epoch":1}