{"train/loss":2.0760725038628554,"epoch":12,"time/epoch":4.645316239038948,"Best model at epoch":4,"_wandb":{"runtime":71},"lr":0.00025,"_timestamp":1.7597810177074156e+09,"Training duration (s)":56.29040422703838,"_runtime":71.766721064,"Total training epochs":12,"Stopped early":true,"val/loss":1.5100307162150561,"_step":12,"Best validation loss":1.506769465531005}